categoria,total_visualizacoes,total_checkouts,total_compras,taxa_conversao_pct,taxa_abandono_checkout_pct
Segurança,278469,32429,9757,3.5,69.91
Elétrica,273938,32050,11708,4.27,63.47
Hidráulica,276588,32490,13359,4.83,58.88
Ferramentas,277704,32244,18755,6.75,41.83
Jardim e Área Externa,278101,32590,20436,7.35,37.29
Pintura e Acabamento,275894,32075,20919,7.58,34.78
Iluminação,276493,32341,21655,7.83,33.04
Organização,274135,31965,22263,8.12,30.35
Utilidades Domésticas,274514,32125,23694,8.63,26.24
