categoria,nome_produto,qtd_vendida,receita_total,ranking_categoria
Banheiro,Produto Banheiro 133,1325,3250545.42,1
Banheiro,Produto Banheiro 115,1419,3209395.53,2
Banheiro,Produto Banheiro 124,1387,3207745.21,3
Banheiro,Produto Banheiro 143,1378,3174224.35,4
Banheiro,Produto Banheiro 144,1430,3035990.31,5
Banheiro,Produto Banheiro 137,1425,2807722.37,6
Banheiro,Produto Banheiro 141,1402,2529461.63,7
Banheiro,Produto Banheiro 70,1438,2359127.4,8
Banheiro,Produto Banheiro 15,1484,2306020.51,9
Banheiro,Produto Banheiro 58,1342,2189728.65,10
Banheiro,Produto Banheiro 108,1361,2167938.66,11
Banheiro,Produto Banheiro 62,1341,2125660.83,12
Banheiro,Produto Banheiro 106,1445,2011412.92,13
Banheiro,Produto Banheiro 32,1291,1897463.1,14
Banheiro,Produto Banheiro 25,1351,1893063.8,15
Banheiro,Produto Banheiro 103,1368,1821851.19,16
Banheiro,Produto Banheiro 29,1314,1653118.73,17
Banheiro,Produto Banheiro 30,1414,1637329.82,18
Banheiro,Produto Banheiro 13,1341,1554703.84,19
Banheiro,Produto Banheiro 113,1376,1535259.55,20
Banheiro,Produto Banheiro 45,1428,1085468.27,21
Banheiro,Produto Banheiro 21,1419,967886.47,22
Banheiro,Produto Banheiro 43,1332,896690.48,23
Banheiro,Produto Banheiro 17,1399,818666.5,24
Banheiro,Produto Banheiro 57,1369,710293.79,25
Banheiro,Produto Banheiro 142,1352,687682.17,26
Banheiro,Produto Banheiro 22,1413,278461.37,27
Cozinha,Produto Cozinha 54,1453,3440954.32,1
Cozinha,Produto Cozinha 75,1431,2896188.02,2
Cozinha,Produto Cozinha 125,1435,2883677.03,3
Cozinha,Produto Cozinha 52,1324,2705898.68,4
Cozinha,Produto Cozinha 67,1284,2596992.85,5
Cozinha,Produto Cozinha 148,1397,2374538.76,6
Cozinha,Produto Cozinha 38,1458,1942335.64,7
Cozinha,Produto Cozinha 69,1335,1572911.7,8
Cozinha,Produto Cozinha 33,1372,1259140.15,9
Cozinha,Produto Cozinha 129,1351,1198526.83,10
Cozinha,Produto Cozinha 131,1415,1180223.54,11
Cozinha,Produto Cozinha 24,1378,950077.24,12
Cozinha,Produto Cozinha 19,1321,937065.3,13
Cozinha,Produto Cozinha 109,1362,875452.86,14
Cozinha,Produto Cozinha 128,1448,827722.35,15
Cozinha,Produto Cozinha 74,1257,803864.76,16
Cozinha,Produto Cozinha 73,1392,511755.66,17
Cozinha,Produto Cozinha 14,1337,288005.47,18
Cozinha,Produto Cozinha 49,1394,95197.09,19
Cozinha,Produto Cozinha 42,1438,40323.99,20
Decoração,Produto Decoração 56,1448,3364718.96,1
Decoração,Produto Decoração 123,1328,2929436.51,2
Decoração,Produto Decoração 122,1320,2856757.78,3
Decoração,Produto Decoração 79,1272,2753017.54,4
Decoração,Produto Decoração 31,1409,2631393.11,5
Decoração,Produto Decoração 36,1297,2573704.16,6
Decoração,Produto Decoração 9,1424,2493966.34,7
Decoração,Produto Decoração 119,1469,2459078.32,8
Decoração,Produto Decoração 94,1445,2428916.46,9
Decoração,Produto Decoração 112,1377,2203243.21,10
Decoração,Produto Decoração 47,1554,2109789.44,11
Decoração,Produto Decoração 135,1402,2046711.95,12
Decoração,Produto Decoração 61,1371,2028148.98,13
Decoração,Produto Decoração 99,1411,1798431.81,14
Decoração,Produto Decoração 34,1348,1730321.12,15
Decoração,Produto Decoração 44,1332,1703682.63,16
Decoração,Produto Decoração 90,1371,1400274.18,17
Decoração,Produto Decoração 80,1346,1291946.76,18
Decoração,Produto Decoração 84,1260,952347.6,19
Decoração,Produto Decoração 64,1337,950088.26,20
Decoração,Produto Decoração 105,1357,917157.31,21
Decoração,Produto Decoração 139,1354,882403.52,22
Decoração,Produto Decoração 126,1279,871857.02,23
Decoração,Produto Decoração 130,1352,774481.16,24
Decoração,Produto Decoração 10,1361,753955.6,25
Decoração,Produto Decoração 147,1349,668766.07,26
Decoração,Produto Decoração 78,1210,523253.3,27
Decoração,Produto Decoração 89,1431,271777.43,28
Decoração,Produto Decoração 117,1358,168026.41,29
Iluminação,Produto Iluminação 81,1400,3244849.03,1
Iluminação,Produto Iluminação 100,1260,2777708.35,2
Iluminação,Produto Iluminação 8,1351,2738989.96,3
Iluminação,Produto Iluminação 12,1437,2180261.61,4
Iluminação,Produto Iluminação 116,1392,2038738.85,5
Iluminação,Produto Iluminação 145,1328,1696720.52,6
Iluminação,Produto Iluminação 96,1329,1533546.74,7
Iluminação,Produto Iluminação 82,1424,1522327.9,8
Iluminação,Produto Iluminação 146,1405,1430206.41,9
Iluminação,Produto Iluminação 27,1381,1401552.16,10
Iluminação,Produto Iluminação 95,1260,1261940.07,11
Iluminação,Produto Iluminação 132,1340,1193715.05,12
Iluminação,Produto Iluminação 101,1317,957143.57,13
Iluminação,Produto Iluminação 50,1443,885759.04,14
Iluminação,Produto Iluminação 20,1399,592296.34,15
Iluminação,Produto Iluminação 41,1346,399277.97,16
Iluminação,Produto Iluminação 86,1402,226789.68,17
Iluminação,Produto Iluminação 111,1436,185720.17,18
Jardim,Produto Jardim 98,1386,3451572.8,1
Jardim,Produto Jardim 51,1390,3292104.61,2
Jardim,Produto Jardim 55,1471,3212105.35,3
Jardim,Produto Jardim 48,1372,3152652.34,4
Jardim,Produto Jardim 87,1330,3059092.72,5
Jardim,Produto Jardim 28,1392,3053185.73,6
Jardim,Produto Jardim 120,1277,2825542.7,7
Jardim,Produto Jardim 23,1483,2711251.51,8
Jardim,Produto Jardim 40,1405,2644449.77,9
Jardim,Produto Jardim 121,1376,2585078.81,10
Jardim,Produto Jardim 102,1435,2532447.1,11
Jardim,Produto Jardim 85,1334,2460725.26,12
Jardim,Produto Jardim 53,1222,2345336.45,13
Jardim,Produto Jardim 83,1362,2262869.2,14
Jardim,Produto Jardim 149,1469,2102684.11,15
Jardim,Produto Jardim 93,1462,1924709.55,16
Jardim,Produto Jardim 66,1232,1785157.61,17
Jardim,Produto Jardim 59,1502,1711801.67,18
Jardim,Produto Jardim 7,1400,1484563.62,19
Jardim,Produto Jardim 104,1328,1012533.84,20
Jardim,Produto Jardim 91,1344,847528.76,21
Jardim,Produto Jardim 107,1323,717530.47,22
Jardim,Produto Jardim 46,1317,676005.05,23
Jardim,Produto Jardim 16,1320,655869.71,24
Jardim,Produto Jardim 65,1364,474836.81,25
Jardim,Produto Jardim 138,1400,429506.62,26
Jardim,Produto Jardim 92,1315,293652.47,27
Jardim,Produto Jardim 114,1437,63185.93,28
Móveis,Produto Móveis 77,1439,3486841.72,1
Móveis,Produto Móveis 118,1456,3275010.35,2
Móveis,Produto Móveis 88,1350,3243673.86,3
Móveis,Produto Móveis 63,1407,3027710.31,4
Móveis,Produto Móveis 18,1386,2967676.06,5
Móveis,Produto Móveis 35,1311,2825901.14,6
Móveis,Produto Móveis 68,1480,2448321.27,7
Móveis,Produto Móveis 39,1336,2280674.19,8
Móveis,Produto Móveis 140,1278,1673400.86,9
Móveis,Produto Móveis 127,1463,1417195.12,10
Móveis,Produto Móveis 71,1378,1403479.47,11
Móveis,Produto Móveis 37,1249,1216788.03,12
Móveis,Produto Móveis 60,1309,1123699.05,13
Móveis,Produto Móveis 150,1380,1067568.27,14
Móveis,Produto Móveis 26,1482,871462.42,15
Móveis,Produto Móveis 72,1328,845485.41,16
Móveis,Produto Móveis 134,1450,443760.43,17
Móveis,Produto Móveis 136,1377,397719.92,18
Móveis,Produto Móveis 11,1448,362000.82,19
Móveis,Produto Móveis 110,1378,342972.73,20
Móveis,Produto Móveis 76,1420,206540.83,21
Móveis,Produto Móveis 97,1418,61102.16,22
Outros,Produto Banheiro 3,1310,2432474.11,1
Outros,Produto Jardim 4,1437,1532358.39,2
Outros,Produto Decoração 5,1378,822653.84,3
Outros,Produto Decoração 2,1339,767983.84,4
Outros,Produto Jardim 6,1338,686542.74,5
Outros,Produto Banheiro 1,1369,405351.1,6
